files, error,
2012886.png, 2,
2012887.png,2,
2012888.png,1
2012889.png,1,
2012890.png,2,
2012891.png,0,
2012892.png,3
2012893.png,3,
2012894.png,1,
2012895.png,0,
2012896.png,0,
2012897.png,1,
2012898.png,3,
2012899.png,0,
2012900.png,0,
2012901.png,6,
2012902.png,7,
2012903.png,8,
2012904.png,2,
2012905.png,2,
2012906.png,2,
2012907.png,1,
2012908.png,1,
2012913.png,1,
2012914.png,2
2012915.png,0,
2012916.png,3,
2012917.png,1,
2012918.png,0,
2012919.png,chapitrage,
2012920.png,1,
2012921.png,3,
2012922.png,2,
2012923.png,1,
2012924.png,2,
2012925.png,1 + en cours,